{
  "roc_auc": 0.8396505509724346,
  "recall": 0.7888935398353565,
  "precision": 0.21745317487788932,
  "f1": 0.3409310178485287,
  "accuracy": 0.740531044878871,
  "specificity": 0.736034353026647,
  "test_size": 84249,
  "positive_class_prevalence": 0.08506925898230246
}